13,mostafa,111,mostafa_saad_ibrahim,mostafa@gmail.com,1
11,noha,222,noha_salah,nono171@gmail.com,0
45,ali,333,ali_wael,wael@gmail.com,0

46,Anes,anes1234,hamdaoui,hamdaoui@gmail.com,0
47,hamdaoui,Ibrahim,med,hellowworld@gmail.com,1
48,Scoot,125,Scoote,wate,1
